,Close,Close,Close,Close,Close,Close,Close,Dividends,Dividends,Dividends,Dividends,Dividends,Dividends,Dividends,High,High,High,High,High,High,High,Low,Low,Low,Low,Low,Low,Low,Open,Open,Open,Open,Open,Open,Open,Stock Splits,Stock Splits,Stock Splits,Stock Splits,Stock Splits,Stock Splits,Stock Splits,Volume,Volume,Volume,Volume,Volume,Volume,Volume
,AAPL,AMZN,GOOG,META,MSFT,NVDA,TSLA,AAPL,AMZN,GOOG,META,MSFT,NVDA,TSLA,AAPL,AMZN,GOOG,META,MSFT,NVDA,TSLA,AAPL,AMZN,GOOG,META,MSFT,NVDA,TSLA,AAPL,AMZN,GOOG,META,MSFT,NVDA,TSLA,AAPL,AMZN,GOOG,META,MSFT,NVDA,TSLA,AAPL,AMZN,GOOG,META,MSFT,NVDA,TSLA
Date,,,,,,,,,,,,,,,,,,,,,,,,,,,,,,,,,,,,,,,,,,,,,,,,,
2023-05-22,173.73619079589844,115.01000213623047,125.87000274658203,248.32000732421875,319.85223388671875,311.70208740234375,188.8699951171875,0.0,0.0,0.0,0.0,0.0,0.0,0.0,174.24484266444423,116.7699966430664,127.05000305175781,253.57000732421875,321.25640859061883,315.1414507204986,189.32000732421875,172.98818766513122,114.25,123.44999694824219,245.1199951171875,316.69535569281544,306.74298695966434,180.11000061035156,173.5167753267537,116.7699966430664,123.51000213623047,245.41000366210938,317.2829129845606,308.952598328999,180.6999969482422,0.0,0.0,0.0,0.0,0.0,0.0,0.0,43570900,70741100,29760200,27738500,24115700,37200000,132001400
2023-05-23,171.1032257080078,114.98999786376953,123.29000091552734,246.74000549316406,313.95672607421875,306.8229675292969,185.77000427246094,0.0,0.0,0.0,0.0,0.0,0.0,0.0,172.9183873331977,117.13999938964844,125.41999816894531,251.61000061035156,321.38587795275606,312.8218523568658,192.9600067138672,170.82397241461908,113.77999877929688,123.05000305175781,246.64999389648438,313.9467576889271,306.2530661478204,185.25999450683594,172.66905294851753,114.2699966430664,124.93000030517578,246.80999755859375,318.70699597129754,309.9423827577277,186.1999969482422,0.0,0.0,0.0,0.0,0.0,0.0,0.0,50747300,67576300,24477900,17748100,30797200,35625300,156952100
2023-05-24,171.38247680664062,116.75,121.63999938964844,249.2100067138672,312.55255126953125,305.3232727050781,182.89999389648438,0.0,0.0,0.0,0.0,0.0,0.0,0.0,171.96093439787035,117.33999633789062,122.75,249.58999633789062,315.1915901004615,306.0131469608124,184.22000122070312,170.06599918583325,115.0199966430664,120.75,244.9499969482422,311.3176567590552,298.0046252601897,178.22000122070312,170.6344736621792,115.3499984741211,121.87999725341797,245.27999877929688,313.42891821521795,302.0438832697813,182.22999572753906,0.0,0.0,0.0,0.0,0.0,0.0,0.0,45143500,63487900,23087900,17724300,23384900,72141900,137605100
2023-05-25,172.5294189453125,115.0,124.3499984741211,252.69000244140625,324.5726623535156,379.7294006347656,184.47000122070312,0.0,0.0,0.0,0.0,0.0,0.0,0.0,173.43698450104648,116.87000274658203,125.9800033569336,255.6199951171875,325.54859158980713,394.72661283221936,186.77999877929688,171.2328771566265,114.30999755859375,122.9000015258789,249.1699981689453,318.6771222202174,366.28191867152594,180.5800018310547,171.9509613713399,116.62999725341797,125.20999908447266,253.39999389648438,321.90371835744315,385.1584146392927,186.5399932861328,0.0,0.0,0.0,0.0,0.0,0.0,0.0,56058300,66496700,33812700,22371400,43301700,154391100,96870700
2023-05-26,174.96290588378906,120.11000061035156,125.43000030517578,262.0400085449219,331.51385498046875,389.3876037597656,193.1699981689453,0.0,0.0,0.0,0.0,0.0,0.0,0.0,175.30201219099396,121.5,126.0,262.30999755859375,332.0217259860278,391.62720816615507,198.60000610351562,172.64909085590446,116.0199966430664,123.29000091552734,252.7100067138672,322.5410923880897,375.4302070040923,184.52999877929688,172.85853842158505,116.04000091552734,124.06500244140625,252.92999267578125,322.6804978277701,378.82956895447785,184.6199951171875,0.0,0.0,0.0,0.0,0.0,0.0,0.0,54835000,96779900,25154700,25727200,36630600,71439700,162061500
2023-05-30,176.82794189453125,121.66000366210938,124.63999938964844,262.5199890136719,329.8407897949219,401.0354309082031,201.16000366210938,0.0,0.0,0.0,0.0,0.0,0.0,0.0,178.51344470539902,122.91999816894531,126.37999725341797,268.6499938964844,334.35206183888727,419.3020545849841,204.47999572753906,176.09988978020135,119.86000061035156,122.88999938964844,261.2900085449219,329.1536397810168,399.41573690003463,197.52999877929688,176.48885079669677,122.37000274658203,126.29000091552734,265.25,333.8441908135725,405.874558146307,200.10000610351562,0.0,0.0,0.0,0.0,0.0,0.0,0.0,55964400,64314800,27230700,23816500,29503100,92340100,128818700
2023-05-31,176.77806091308594,120.58000183105469,123.37000274658203,264.7200012207031,327.0324401855469,378.2696838378906,203.92999267578125,0.0,0.0,0.0,0.0,0.0,0.0,0.0,178.8724756204774,122.04000091552734,124.9000015258789,265.0,334.55121609579794,402.87512606491686,203.9499969482422,176.2893600898515,119.16999816894531,123.0999984741211,258.45001220703125,325.9767942981809,378.14971102116505,195.1199951171875,176.85784973431777,121.44999694824219,123.69999694824219,260.0,330.9163113868118,394.8066185091484,199.77999877929688,0.0,0.0,0.0,0.0,0.0,0.0,0.0,99625300,72800800,41548800,25473700,45950600,100258000,150711700
2023-06-01,179.61050415039062,122.7699966430664,124.37000274658203,272.6099853515625,331.2051086425781,397.6261291503906,207.52000427246094,0.0,0.0,0.0,0.0,0.0,0.0,0.0,179.64042305750914,123.48999786376953,125.04000091552734,274.0,332.1511935212399,400.4255967732554,209.8000030517578,176.45891404316637,119.93000030517578,123.30000305175781,265.8900146484375,323.3776162876595,383.32876743785823,199.3699951171875,177.22686816825382,120.69000244140625,123.5,265.8999938964844,324.5826056662031,384.8185113799441,202.58999633789062,0.0,0.0,0.0,0.0,0.0,0.0,0.0,68901800,54375100,25017700,25609500,26773900,63587300,148029900
2023-06-02,180.4682159423828,124.25,125.2300033569336,272.6099853515625,334.013427734375,393.1969299316406,213.97000122070312,0.0,0.0,0.0,0.0,0.0,0.0,0.0,181.29600788604444,126.38999938964844,126.74500274658203,275.3500061035156,336.1047522712349,404.92476179457054,217.25,178.78271314778428,124.0199966430664,124.3499984741211,271.1199951171875,331.17520374802353,390.5074272209907,209.75,180.54800476783768,124.91999816894531,124.48999786376953,272.6600036621094,332.86818799010445,400.8955116816343,210.14999389648438,0.0,0.0,0.0,0.0,0.0,0.0,0.0,61945900,61215000,19362400,19405300,25864000,48165500,164129000
2023-06-05,179.10186767578125,125.30000305175781,126.62999725341797,271.3900146484375,334.5512390136719,391.63720703125,217.61000061035156,0.0,0.0,0.0,0.0,0.0,0.0,0.0,184.45756510918994,125.80000305175781,127.98999786376953,275.57000732421875,337.16040316886273,395.5764773728532,221.2899932861328,177.5659594241951,123.02999877929688,124.37999725341797,269.55999755859375,333.27653170153974,386.9980850652036,214.52000427246094,182.1437500536452,123.36000061035156,124.61000061035156,270.29998779296875,333.8342142511338,389.0176987406413,217.8000030517578,0.0,0.0,0.0,0.0,0.0,0.0,0.0,121946500,47950100,22672500,20742900,21307100,39609400,151143100
2023-06-06,178.73284912109375,126.61000061035156,127.91000366210938,271.1199951171875,332.3005676269531,386.4681701660156,221.30999755859375,0.0,0.0,0.0,0.0,0.0,0.0,0.0,179.64041462468907,127.4000015258789,128.8800048828125,276.57000732421875,333.98358363899166,391.5272273251324,221.91000366210938,176.9575744791447,125.0,125.97000122070312,269.69000244140625,330.7968305967308,381.4091130068989,212.52999877929688,179.49082009611885,125.06999969482422,126.5999984741211,270.1400146484375,333.94374048843036,388.22782232229116,216.13999938964844,0.0,0.0,0.0,0.0,0.0,0.0,0.0,64848400,45695200,19450100,19419000,20396200,38872900,146911600
2023-06-07,177.3465576171875,121.2300033569336,122.94000244140625,263.6000061035156,322.04315185546875,374.7191162109375,224.57000732421875,0.0,0.0,0.0,0.0,0.0,0.04,0.0,180.72753105839507,127.37000274658203,129.5500030517578,274.25,333.1072085245935,394.95743843306695,230.8300018310547,176.84788887825917,120.62999725341797,122.62999725341797,262.79998779296875,321.16678491307897,373.5292118396697,223.1999969482422,177.96490198364674,127.01000213623047,127.57499694824219,271.6700134277344,330.2789527323291,389.11792337927244,228.0,0.0,0.0,0.0,0.0,0.0,0.0,0.0,61944600,95663300,34179300,26163600,40717100,51199800,185710800
2023-06-08,180.0892333984375,124.25,122.66999816894531,264.5799865722656,323.9154052734375,385.06829833984375,234.86000061035156,0.0,0.0,0.0,0.0,0.0,0.0,0.0,180.35850355696866,125.62999725341797,123.7300033569336,267.6499938964844,325.2897053025669,388.60801541306336,235.22999572753906,176.987513272895,122.26000213623047,122.01000213623047,258.8800048828125,322.013297446743,375.0191075120298,223.00999450683594,177.42632897433313,123.01000213623047,122.58499908447266,260.6199951171875,322.6008547767554,377.2089296364307,224.22000122070312,0.0,0.0,0.0,0.0,0.0,0.0,0.0,50214900,62159300,24815000,20899400,23277700,41777200,164489700
2023-06-09,180.4781951904297,123.43000030517578,122.87000274658203,264.95001220703125,325.4390563964844,387.6680908203125,244.39999389648438,0.0,0.0,0.0,0.0,0.0,0.0,0.0,181.7448028197143,125.80000305175781,124.28500366210938,267.95001220703125,328.6258093395704,397.07728919212695,252.4199981689453,180.14907199929024,123.19000244140625,122.41999816894531,261.70001220703125,323.0688904702668,385.6382591815213,242.02000427246094,181.01675072800933,124.08000183105469,122.55999755859375,262.4800109863281,323.64647937404385,390.3378538966944,249.07000732421875,0.0,0.0,0.0,0.0,0.0,0.0,0.0,48870700,51330000,20304500,16938500,22514900,42722000,199882300
2023-06-12,183.30064392089844,126.56999969482422,124.3499984741211,271.04998779296875,330.4781188964844,394.7874755859375,249.8300018310547,0.0,0.0,0.0,0.0,0.0,0.0,0.0,183.4003837535339,126.77999877929688,124.75,271.75,330.7270853819584,395.2674165060357,250.97000122070312,180.4881602148876,123.52999877929688,122.3499984741211,265.3299865722656,323.81577331388655,386.1481728434067,244.58999633789062,180.78736449463221,124.0199966430664,123.3949966430664,267.1700134277344,327.22161781597765,391.9677006201062,247.94000244140625,0.0,0.0,0.0,0.0,0.0,0.0,0.0,54274900,51338000,22255700,15442500,24260300,38870100,150337900
2023-06-13,182.8219451904297,126.66000366210938,124.43000030517578,271.32000732421875,332.9080505371094,410.18621826171875,258.7099914550781,0.0,0.0,0.0,0.0,0.0,0.0,0.0,183.65970508618722,128.41000366210938,125.86000061035156,275.7200012207031,335.5869324833769,410.97616174685277,259.67999267578125,181.95426638540675,125.18000030517578,123.84500122070312,269.0899963378906,329.02417925170494,397.3672667070391,251.33999633789062,182.31330851475477,128.1199951171875,125.6500015258789,274.8800048828125,333.0872991214931,401.82689086723167,253.50999450683594,0.0,0.0,0.0,0.0,0.0,0.0,0.0,54929100,50564800,19287700,16164000,22951300,61320800,162384300
2023-06-14,183.46023559570312,126.41999816894531,124.37999725341797,273.3500061035156,335.9454345703125,429.9345703125,256.7900085449219,0.0,0.0,0.0,0.0,0.0,0.0,0.0,183.89906654379925,126.94999694824219,124.79000091552734,274.989990234375,337.6384189358364,429.9645666198012,261.57000732421875,181.53538146756506,124.12000274658203,122.16000366210938,268.32000732421875,331.4341627821028,405.4865728649534,250.5,182.88177800213668,126.69999694824219,123.80000305175781,271.8900146484375,332.9578365545069,408.2063499488254,260.1700134277344,0.0,0.0,0.0,0.0,0.0,0.0,0.0,57462900,52422500,24659600,19175100,26003800,74046500,170575500
2023-06-15,185.51473999023438,127.11000061035156,125.79000091552734,281.8299865722656,346.6609802246094,426.494873046875,255.89999389648438,0.0,0.0,0.0,0.0,0.0,0.0,0.0,186.02339184688998,127.69000244140625,126.16000366210938,283.989990234375,348.3937774370585,432.85436515399124,258.95001220703125,183.29068166116141,124.31999969482422,123.13999938964844,271.4200134277344,335.8060462908424,421.4352921907894,247.2899932861328,183.4702103217935,125.20999908447266,123.87999725341797,272.29998779296875,336.08488757090805,425.9849052817344,248.39999389648438,0.0,0.0,0.0,0.0,0.0,0.0,0.0,65433200,60458500,24517100,25973500,38899100,56862200,160171200
2023-06-16,184.42764282226562,125.48999786376953,124.05999755859375,281.0,340.914794921875,426.8848571777344,260.5400085449219,0.0,0.0,0.0,0.0,0.0,0.0,0.0,186.49213868648093,127.9000015258789,126.69999694824219,287.8500061035156,350.01702476348197,437.1739878401651,263.6000061035156,183.77937955509884,125.30000305175781,123.79000091552734,280.1300048828125,340.5363913700958,426.5748546319293,257.2099914550781,186.23282120508458,127.70999908447266,126.69999694824219,284.75,349.86765094154043,434.4642195489915,258.9200134277344,0.0,0.0,0.0,0.0,0.0,0.0,0.0,101235600,84188100,56686800,43102500,46533600,65475500,167563700
2023-06-20,184.5174102783203,125.77999877929688,123.8499984741211,284.3299865722656,336.6524963378906,438.0439147949219,274.45001220703125,0.0,0.0,0.0,0.0,0.0,0.0,0.0,185.60451974788597,127.25,125.17500305175781,284.79998779296875,340.66583518800127,439.86377225861065,274.75,183.91901689338587,124.5,122.83000183105469,276.2200012207031,334.47154731996903,426.7048521993512,261.1199951171875,183.91901689338587,124.97000122070312,123.53500366210938,278.7300109863281,337.9072972499603,429.94460616598946,261.5,0.0,0.0,0.0,0.0,0.0,0.0,0.0,49799100,56930100,22698000,20701600,26375400,45115300,165611200
2023-06-21,183.47021484375,124.83000183105469,121.26000213623047,281.6400146484375,332.1810607910156,430.41455078125,259.4599914550781,0.0,0.0,0.0,0.0,0.0,0.0,0.0,184.91635118810532,126.7300033569336,123.41000366210938,284.0,336.33383538651924,436.1140628935818,276.989990234375,182.10385210812808,123.8499984741211,120.86000061035156,278.3599853515625,330.69723017509773,420.76532135758094,257.7799987792969,184.40769931891307,125.63999938964844,123.23500061035156,283.5299987792969,334.9794418219121,434.974172677141,275.1300048828125,0.0,0.0,0.0,0.0,0.0,0.0,0.0,49515700,52137700,22612000,20556200,25117800,55160300,211797100
2023-06-22,186.5021209716797,130.14999389648438,123.87000274658203,284.8800048828125,338.30560302734375,430.2145690917969,264.6099853515625,0.0,0.0,0.0,0.0,0.0,0.0,0.0,186.5519908925775,130.3300018310547,123.93499755859375,285.260009765625,338.71391170133717,434.22424863478875,265.0,183.18098511964078,125.13999938964844,119.5999984741211,277.7900085449219,331.9619419823129,422.30521681519275,248.25,183.25080605253035,125.30999755859375,120.66000366210938,279.0799865722656,332.7387161839204,422.4952036099771,250.77000427246094,0.0,0.0,0.0,0.0,0.0,0.0,0.0,51245300,90354600,20781900,17563100,23556800,41773700,166875900
2023-06-23,186.18295288085938,129.3300018310547,123.0199966430664,288.7300109863281,333.635009765625,422.05523681640625,256.6000061035156,0.0,0.0,0.0,0.0,0.0,0.0,0.0,187.06061473033333,130.83999633789062,123.44000244140625,289.6700134277344,336.56285817890137,428.0547427105741,262.45001220703125,184.51740112063476,128.27999877929688,121.86000061035156,278.95001220703125,332.07152327409517,420.1153941360868,252.8000030517578,185.05597188032547,129.11000061035156,122.04000091552734,281.510009765625,332.9777345716836,424.6050451304666,259.2900085449219,0.0,0.0,0.0,0.0,0.0,0.0,0.0,53079300,71855200,29542900,50988400,23084700,35632300,176584100
2023-06-26,184.7767333984375,127.33000183105469,119.08999633789062,278.4700012207031,327.2415771484375,406.2865295410156,241.0500030517578,0.0,0.0,0.0,0.0,0.0,0.0,0.0,187.54933058872362,131.49000549316406,122.72000122070312,289.7900085449219,334.7205102215815,427.60478025327774,258.3699951171875,184.73683137399638,127.0999984741211,118.98999786376953,277.6000061035156,327.1320160837381,400.9669605463121,240.6999969482422,186.33257755204687,129.3300018310547,121.46600341796875,288.70001220703125,332.34040625987984,424.5750006085539,250.07000732421875,0.0,0.0,0.0,0.0,0.0,0.0,0.0,48088700,59989300,23185000,24232700,21520600,59432200,179990600
2023-06-27,187.5592803955078,129.17999267578125,119.01000213623047,287.04998779296875,333.1868896484375,418.72552490234375,250.2100067138672,0.0,0.0,0.0,0.0,0.0,0.0,0.0,187.88840358366767,130.08999633789062,119.8949966430664,289.3500061035156,334.76034453134736,419.3654563305459,250.38999938964844,185.17564447352765,127.55000305175781,116.91000366210938,280.6499938964844,327.9386564608699,404.4467020801442,240.85000610351562,185.39505993230088,128.6300048828125,117.83999633789062,282.010009765625,330.48807094926684,407.9563922815972,243.24000549316406,0.0,0.0,0.0,0.0,0.0,0.0,0.0,50730800,46801000,27221700,26108300,24354100,46217500,164968200
2023-06-28,188.74612426757812,129.0399932861328,121.08000183105469,285.2900085449219,334.46160888671875,411.1361389160156,256.239990234375,0.0,0.0,0.0,0.0,0.0,0.0,0.0,189.39438756353061,131.47999572753906,121.2699966430664,289.54998779296875,336.5828083718915,418.4155379278297,259.8800048828125,187.10052345898322,128.44000244140625,117.5999984741211,284.05999755859375,332.4300336963734,405.14661165585795,248.88999938964844,187.429631446172,128.94000244140625,117.95999908447266,284.82000732421875,333.2765258916356,406.5665080948531,249.6999969482422,0.0,0.0,0.0,0.0,0.0,0.0,0.0,51216800,52149500,19753100,16722100,20259500,58263900,159770800
2023-06-29,189.085205078125,127.9000015258789,120.01000213623047,281.5299987792969,333.6648864746094,408.1863708496094,257.5,0.0,0.0,0.0,0.0,0.0,0.0,0.0,189.56393801521438,129.25999450683594,120.91000366210938,286.57000732421875,334.72050198852514,415.9657286895959,260.739990234375,188.4369418174557,127.26000213623047,119.20999908447266,280.69000244140625,331.24493942241105,405.9665525191729,253.61000061035156,188.57656845289964,128.77000427246094,120.08999633789062,284.5,333.32629568631734,415.54574986381,258.0299987792969,0.0,0.0,0.0,0.0,0.0,0.0,0.0,46347300,40761000,18517500,15395700,16997000,38051400,131283400
2023-06-30,193.4535675048828,130.36000061035156,120.97000122070312,286.9800109863281,339.1322021484375,422.9851379394531,261.7699890136719,0.0,0.0,0.0,0.0,0.0,0.0,0.0,193.96220418135036,131.25,122.02999877929688,289.04998779296875,341.31315102970996,425.4649446067202,264.45001220703125,190.7507760244452,128.9499969482422,120.87999725341797,284.4200134277344,335.80601349273024,414.9758186043856,259.8900146484375,191.11980126956567,129.47000122070312,121.0999984741211,284.760009765625,336.35372761355035,416.76564916196736,260.6000061035156,0.0,0.0,0.0,0.0,0.0,0.0,0.0,85069600,54310500,23865800,19676000,26823800,50053400,112267600
2023-07-03,191.9475860595703,130.22000122070312,120.55999755859375,286.0199890136719,336.5927429199219,424.0950622558594,279.82000732421875,0.0,0.0,0.0,0.0,0.0,0.0,0.0,193.3638035137414,131.85000610351562,121.0199966430664,289.3999938964844,339.49071665534876,428.94466878388624,284.25,191.24943762007845,130.07000732421875,119.70500183105469,284.8500061035156,335.1786302052303,421.9852202237417,275.1099853515625,193.26406367433887,130.82000732421875,120.31999969482422,286.70001220703125,337.78779428822406,425.13498511801845,276.489990234375,0.0,0.0,0.0,0.0,0.0,0.0,0.0,31458200,28264800,13888300,8629300,12508700,19820900,119685900
2023-07-05,190.82058715820312,130.3800048828125,122.62999725341797,294.3699951171875,336.7520751953125,423.1351623535156,282.4800109863281,0.0,0.0,0.0,0.0,0.0,0.0,0.0,192.4661879585032,131.39999389648438,123.37000274658203,298.1199951171875,340.23760612672635,431.7344296700155,283.8500061035156,190.11247083180476,129.63999938964844,120.05999755859375,286.3599853515625,333.346230561525,420.8153460984768,277.6000061035156,191.05995363856934,130.24000549316406,120.05999755859375,287.6499938964844,333.70472772658985,421.3153049199043,278.82000732421875,0.0,0.0,0.0,0.0,0.0,0.0,0.0,46920300,35895400,17830300,33865500,18172400,32361800,131530900
2023-07-06,191.29930114746094,128.36000061035156,120.93000030517578,291.989990234375,339.85919189453125,420.9953308105469,276.5400085449219,0.0,0.0,0.0,0.0,0.0,0.0,0.0,191.50874871594232,128.72999572753906,121.1500015258789,298.1199951171875,341.57208269578587,421.75527799632033,279.9700012207031,188.6962496949308,127.37000274658203,119.25,291.30999755859375,334.1130557953846,413.4259468071796,272.8800048828125,189.3345450785546,128.25,120.63999938964844,295.8900146484375,335.90560250746563,418.40554773516095,278.0899963378906,0.0,0.0,0.0,0.0,0.0,0.0,0.0,45094300,40639900,17732500,47600500,28161200,30358200,120332100
2023-07-07,190.17230224609375,129.77999877929688,120.13999938964844,290.5299987792969,335.825927734375,424.9949951171875,274.42999267578125,0.0,0.0,0.0,0.0,0.0,0.0,0.0,192.15700929798075,130.97000122070312,121.75,296.20001220703125,340.377042566986,432.1044254356757,280.7799987792969,189.73348654077034,128.1300048828125,120.08999633789062,288.6600036621094,335.6068360026335,421.76525014081983,273.7699890136719,190.900369559223,128.58999633789062,120.88999938964844,292.17999267578125,337.9172523752863,423.18514662229074,278.42999267578125,0.0,0.0,0.0,0.0,0.0,0.0,0.0,46778000,41928700,20982400,25546200,21185300,35525300,113602000
2023-07-10,188.1078338623047,127.12999725341797,116.87000274658203,294.1000061035156,330.45819091796875,421.7652282714844,269.6099853515625,0.0,0.0,0.0,0.0,0.0,0.0,0.0,189.4841645361036,129.27999877929688,119.06999969482422,298.1300048828125,333.84415952362195,428.074705838371,277.5199890136719,186.54200662116668,125.91999816894531,116.63999938964844,287.04998779296875,326.2357289372572,416.4556682970053,265.1000061035156,188.75609717546797,129.07000732421875,119.06999969482422,295.54998779296875,333.21675910091074,426.5348547169089,276.4700012207031,0.0,0.0,0.0,0.0,0.0,0.0,0.0,59922200,61889300,32960100,37058300,32791400,35390800,119425400
2023-07-11,187.57925415039062,128.77999877929688,117.70999908447266,298.2900085449219,331.0955810546875,424.0150451660156,269.7900085449219,0.0,0.0,0.0,0.0,0.0,0.0,0.0,188.79600721724577,129.77000427246094,118.2249984741211,300.17999267578125,331.4839530038405,427.54475306585476,270.8999938964844,186.1031987908904,127.3499984741211,115.83000183105469,291.8999938964844,325.64819264102937,420.635349317906,266.3699951171875,188.65638056456552,127.75,116.76000213623047,293.8999938964844,329.6914063018338,424.7749923052086,268.6499938964844,0.0,0.0,0.0,0.0,0.0,0.0,0.0,46638100,49951500,18286600,27585900,26698200,29824400,91972400
2023-07-12,189.26473999023438,130.8000030517578,119.62000274658203,309.3399963378906,335.8060302734375,438.98382568359375,271.989990234375,0.0,0.0,0.0,0.0,0.0,0.0,0.0,191.18959404377776,131.25999450683594,120.95999908447266,309.45001220703125,340.23761577707995,439.3138155889875,276.5199890136719,187.9681982078766,128.8300018310547,119.0,300.1000061035156,334.28235649585935,427.73475237821714,271.4599914550781,189.1749680502115,130.30999755859375,119.30000305175781,301.75,335.2085045899636,430.29453906250217,276.3299865722656,0.0,0.0,0.0,0.0,0.0,0.0,0.0,60750200,54022800,22059600,36677100,29995300,48127700,95672100
2023-07-13,190.0326690673828,134.3000030517578,124.83000183105469,313.4100036621094,341.24346923828125,459.73211669921875,277.8999938964844,0.0,0.0,0.0,0.0,0.0,0.0,0.0,190.6809475340948,134.6699981689453,125.33499908447266,316.239990234375,342.3189912154948,461.51196885591065,279.45001220703125,189.2746980917373,132.7100067138672,121.05999755859375,310.2900085449219,337.6185021763658,444.8833643400217,270.6000061035156,189.9927822657853,134.0399932861328,121.54000091552734,313.6199951171875,338.1562783606828,445.1433221729783,274.5899963378906,0.0,0.0,0.0,0.0,0.0,0.0,0.0,41342300,61170900,31535900,30281000,20567200,47820400,112681500
2023-07-14,190.18228149414062,134.67999267578125,125.69999694824219,308.8699951171875,343.812744140625,454.6525573730469,281.3800048828125,0.0,0.0,0.0,0.0,0.0,0.0,0.0,190.67096710686394,136.64999389648438,127.08999633789062,314.8800048828125,349.9771566820929,480.840402990185,285.29998779296875,189.12510622805124,134.05999755859375,124.9000015258789,307.3599853515625,342.8865961191459,450.56289785846803,276.30999755859375,189.72349956941562,134.05999755859375,125.12999725341797,311.7900085449219,346.1530351557198,465.79162409321975,277.010009765625,0.0,0.0,0.0,0.0,0.0,0.0,0.0,41573900,54388100,20482800,22576000,28302200,77066400,119771100
2023-07-17,193.4735107421875,133.55999755859375,125.05999755859375,310.6199951171875,344.3007507324219,464.57171630859375,290.3800048828125,0.0,0.0,0.0,0.0,0.0,0.0,0.0,193.80263394955682,135.6199951171875,127.27999877929688,311.7099914550781,345.5555211811087,464.9216935827707,292.2300109863281,191.2993070378528,133.2100067138672,124.5,304.7099914550781,340.78534509456847,452.5827136669652,283.57000732421875,191.38906376218185,134.55999755859375,126.05999755859375,307.5400085449219,344.2509391993631,462.85188727619214,286.6300048828125,0.0,0.0,0.0,0.0,0.0,0.0,0.0,50520200,48450200,20675300,25323100,20363900,51048800,131569600
2023-07-18,193.2141876220703,132.8300018310547,124.08000183105469,312.04998779296875,358.0038757324219,474.90087890625,293.3399963378906,0.0,0.0,0.0,0.0,0.0,0.0,0.0,193.81259620316632,133.86000061035156,124.98999786376953,314.20001220703125,365.26374772914414,478.92053677034363,295.260009765625,191.90767794544513,131.35000610351562,123.30000305175781,307.6199951171875,340.75549888518225,457.30232261629817,286.010009765625,192.8352097243277,132.7100067138672,124.90499877929688,310.8800048828125,344.4003418750093,466.97153946950027,290.1499938964844,0.0,0.0,0.0,0.0,0.0,0.0,0.0,48353800,54969100,21071200,20764600,64872700,57019000,112434700
2023-07-19,194.58055114746094,135.36000061035156,122.77999877929688,316.010009765625,353.612060546875,470.731201171875,291.260009765625,0.0,0.0,0.0,0.0,0.0,0.0,0.0,197.7022071550224,135.99000549316406,125.47000122070312,318.67999267578125,360.96155596239936,478.1405943064306,299.2900085449219,192.13706211287214,132.52999877929688,122.47000122070312,310.5199890136719,350.98299029896833,467.38150159827063,289.5199890136719,192.5858761596578,133.38999938964844,124.79000091552734,313.0299987792969,360.25449966270634,474.6009079461661,296.0400085449219,0.0,0.0,0.0,0.0,0.0,0.0,0.0,80507300,54531000,22313800,21763700,39732900,42750200,142355400
2023-07-20,192.6157989501953,129.9600067138672,119.52999877929688,302.5199890136719,345.43603515625,455.1625061035156,262.8999938964844,0.0,0.0,0.0,0.0,0.0,0.0,0.0,195.94690259462328,134.7899932861328,124.69999694824219,315.5400085449219,356.4901538536981,470.8311978889237,280.92999267578125,191.98747144655815,129.3300018310547,118.68499755859375,302.2200012207031,343.94223615366025,450.5828663831589,261.20001220703125,194.57057195548003,134.07000732421875,122.12000274658203,313.5,352.10834952438506,465.03168798465606,279.55999755859375,0.0,0.0,0.0,0.0,0.0,0.0,0.0,59581200,59820600,27541700,23836900,33778400,53786500,175158300
2023-07-21,191.42897033691406,130.0,120.30999755859375,294.260009765625,342.3488464355469,443.0534973144531,260.0199890136719,0.0,0.0,0.0,0.0,0.0,0.0,0.0,194.45090187315012,131.3699951171875,121.30000305175781,305.4599914550781,348.8518502484507,458.6222220774158,268.0,190.7208539857674,128.4199981689453,119.06999969482422,291.20001220703125,338.4251319349334,440.96367313758157,255.8000030517578,193.583223081012,131.33999633789062,120.87000274658203,304.57000732421875,347.70661041818244,457.84228754961174,268.0,0.0,0.0,0.0,0.0,0.0,0.0,0.0,71917800,133265000,56498100,42089700,69368900,96283200,161050100
2023-07-24,192.23680114746094,128.8000030517578,121.87999725341797,291.6099853515625,343.68328857421875,446.083251953125,269.05999755859375,0.0,0.0,0.0,0.0,0.0,0.0,0.0,194.39105377765915,131.66000366210938,123.3499984741211,297.5199890136719,345.48583393087284,451.05284383649234,269.8500061035156,191.73813240259074,128.35000610351562,121.37999725341797,288.29998779296875,340.8948760289403,440.36372184097024,254.1199951171875,192.89504754304855,130.30999755859375,121.9260025024414,295.7799987792969,344.42025005444174,447.27315638400626,255.85000610351562,0.0,0.0,0.0,0.0,0.0,0.0,0.0,45377800,45591100,22276100,24915700,26678100,38251600,136508500
2023-07-25,193.1044921875,129.1300048828125,122.79000091552734,294.4700012207031,349.529052734375,456.75238037109375,265.2799987792969,0.0,0.0,0.0,0.0,0.0,0.0,0.0,193.92231628587092,129.5800018310547,123.69000244140625,298.29998779296875,350.4352944234902,461.7919432291786,272.8999938964844,192.40635894386836,128.52999877929688,121.52999877929688,291.8599853515625,343.6434811433643,449.19300556890215,265.0,192.81527099305382,129.30999755859375,121.87999725341797,295.19000244140625,345.6750258615168,449.37298341774857,272.3800048828125,0.0,0.0,0.0,0.0,0.0,0.0,0.0,37283200,39236700,31820800,19585600,41637700,34808100,112757300
2023-07-26,193.98214721679688,128.14999389648438,129.66000366210938,298.57000732421875,336.3736267089844,454.4825439453125,264.3500061035156,0.0,0.0,0.0,0.0,0.0,0.0,0.0,195.1191113783899,129.0800018310547,131.3699951171875,301.7699890136719,343.24512598965254,460.49205858370004,268.0400085449219,192.80529625048254,126.11000061035156,128.7100067138672,291.8999938964844,331.732887794085,446.2632199192654,261.75,193.1543552508233,126.51000213623047,130.36000061035156,301.19000244140625,340.02846807118635,460.1720776228898,263.25,0.0,0.0,0.0,0.0,0.0,0.0,0.0,47471900,53910100,46216900,47256900,58383700,36423700,95856200
2023-07-27,192.70555114746094,128.25,129.8699951171875,311.7099914550781,329.352783203125,458.9621887207031,255.7100067138672,0.0,0.0,0.0,0.0,0.0,0.0,0.0,196.67495009888677,132.6300048828125,133.60000610351562,325.3500061035156,339.91890618444876,473.9109693828824,269.1300048828125,192.03733685495135,127.79000091552734,129.17999267578125,309.8399963378906,327.6896737196322,457.46231228697536,255.3000030517578,195.49809916471946,131.0,131.8000030517578,325.1199951171875,339.0724444529238,465.1516812450916,268.30999755859375,0.0,0.0,0.0,0.0,0.0,0.0,0.0,47460200,52610700,35931600,64229200,39635300,45597600,103697300
2023-07-28,195.30860900878906,132.2100067138672,133.00999450683594,325.4800109863281,336.9711608886719,467.46148681640625,266.44000244140625,0.0,0.0,0.0,0.0,0.0,0.0,0.0,196.1064820710403,133.00999450683594,134.07000732421875,326.20001220703125,338.60439565515,470.23124763522156,267.25,193.62310615955113,129.3300018310547,130.9199981689453,314.25,331.7926761182122,463.7717883616128,258.2300109863281,194.15169382943296,129.69000244140625,130.97000122070312,316.8800048828125,332.2906090994921,466.6415470453268,259.8599853515625,0.0,0.0,0.0,0.0,0.0,0.0,0.0,48291400,46317400,26971000,39220300,28484900,33119400,111446000
2023-07-31,195.9269561767578,133.67999267578125,133.11000061035156,318.6000061035156,334.53131103515625,467.25152587890625,267.42999267578125,0.0,0.0,0.0,0.0,0.0,0.0,0.0,195.96685820042478,133.8699951171875,133.8300018310547,325.6600036621094,336.3039512515072,471.26117489371615,269.0799865722656,194.74012207235685,132.3800048828125,132.1300048828125,317.5899963378906,331.9818661840747,465.0216985403481,263.7799987792969,195.537995145902,133.1999969482422,133.00999450683594,323.69000244140625,335.52717700819426,467.5015052906927,267.4800109863281,0.0,0.0,0.0,0.0,0.0,0.0,0.0,38824100,41901500,18381900,25799600,25446000,25105500,84582200
2023-08-01,195.0891876220703,131.69000244140625,131.88999938964844,322.7099914550781,334.9495544433594,465.0317077636719,261.07000732421875,0.0,0.0,0.0,0.0,0.0,0.0,0.0,196.20620074446194,133.69000244140625,132.9199981689453,324.1400146484375,337.1404717191471,468.96137679572195,266.4700012207031,194.760064423188,131.6199951171875,130.75,314.6600036621094,332.3204841038314,460.232084745423,260.25,195.7175151124968,133.5500030517578,130.85499572753906,317.5400085449219,333.8043146638683,464.5617452486258,266.260009765625,0.0,0.0,0.0,0.0,0.0,0.0,0.0,35175100,42098500,22154300,22817900,18311900,23785800,83166000
2023-08-02,192.06724548339844,128.2100067138672,128.63999938964844,314.30999755859375,326.1461181640625,442.6535339355469,254.11000061035156,0.0,0.0,0.0,0.0,0.0,0.0,0.0,194.66031368923828,130.22999572753906,130.4199981689453,318.3900146484375,332.250781665913,458.3622312120525,259.5199890136719,191.33919341532297,126.81999969482422,127.8499984741211,310.6499938964844,325.01081632516764,433.8342531976233,250.49000549316406,194.52068705675583,130.14999389648438,129.83999633789062,318.0,332.250781665913,458.27224228799986,255.57000732421875,0.0,0.0,0.0,0.0,0.0,0.0,0.0,50389300,51027600,22705800,20461100,27761300,53014200,101752900
2023-08-03,190.6610107421875,128.91000366210938,128.77000427246094,313.19000244140625,325.3096008300781,445.1133117675781,259.32000732421875,0.0,0.0,0.0,0.0,0.0,0.0,0.0,191.8578127154616,129.83999633789062,129.77000427246094,315.95001220703125,328.5162906605932,451.1428136510072,260.489990234375,190.18229299651043,126.41000366210938,127.7750015258789,309.92999267578125,324.6025444587596,437.96390705901104,252.0,191.0599548787207,127.4800033569336,128.3699951171875,309.92999267578125,324.6523256036648,437.96390705901104,252.0399932861328,0.0,0.0,0.0,0.0,0.0,0.0,0.0,61235200,88585200,15018100,15180200,18253700,32417600,97569100
2023-08-04,181.50546264648438,139.57000732421875,128.5399932861328,310.7300109863281,326.4249572753906,446.76318359375,253.86000061035156,0.0,0.0,0.0,0.0,0.0,0.0,0.0,186.88111132692333,143.6300048828125,131.92999267578125,318.4100036621094,333.7545468616304,456.3824167993535,264.7699890136719,181.4356417146341,139.32000732421875,128.31500244140625,310.20001220703125,325.8871811241278,443.89342488630945,253.11000061035156,185.026062911546,141.05999755859375,129.60000610351562,314.9599914550781,330.5080139663209,449.812950665522,260.9700012207031,0.0,0.0,0.0,0.0,0.0,0.0,0.0,115799700,152938700,20509500,17600200,23727700,36225800,99242600
2023-08-07,178.37380981445312,142.22000122070312,131.94000244140625,316.55999755859375,328.7453308105469,454.1325988769531,251.4499969482422,0.0,0.0,0.0,0.0,0.0,0.0,0.0,182.6424129020176,142.5399932861328,132.05999755859375,317.07000732421875,329.74119687155206,455.3624780198442,253.64999389648438,176.87780363278816,138.9499969482422,129.42999267578125,310.4599914550781,326.1660413595138,445.5932938584067,242.75999450683594,181.6450754475743,140.99000549316406,129.50999450683594,313.2300109863281,327.0125335896523,451.0728228860631,251.4499969482422,0.0,0.0,0.0,0.0,0.0,0.0,0.0,97576100,71213100,17621000,16236500,17741500,32215400,111097900
2023-08-08,179.32127380371094,139.94000244140625,131.83999633789062,312.6400146484375,324.70208740234375,446.60321044921875,249.6999969482422,0.0,0.0,0.0,0.0,0.0,0.0,0.0,179.79002361547552,140.83999633789062,131.94000244140625,317.8900146484375,327.3909376782454,452.3827329428727,250.9199981689453,177.10718348121145,138.4199981689453,130.1300048828125,310.1099853515625,321.66470835003275,440.5236943672402,245.00999450683594,179.21156607716685,140.6199951171875,130.97999572753906,314.3999938964844,325.60832908212666,448.4930388408918,247.4499969482422,0.0,0.0,0.0,0.0,0.0,0.0,0.0,67823000,51710500,16836000,15183500,22327600,35384300,96642200
2023-08-09,177.71556091308594,137.85000610351562,130.14999389648438,305.2099914550781,320.8979187011719,425.50494384765625,242.19000244140625,0.0,0.0,0.0,0.0,0.0,0.0,0.0,180.44825575974798,140.32000732421875,132.47000122070312,313.6300048828125,325.75771935203437,443.0834818207427,251.10000610351562,176.53869482014667,137.10000610351562,129.5050048828125,302.8500061035156,319.7227736995966,421.3052777236104,241.89999389648438,180.38841794823884,139.97000122070312,132.19000244140625,312.8800048828125,325.12038090250286,442.7035082505116,250.8699951171875,0.0,0.0,0.0,0.0,0.0,0.0,0.0,60378500,50017300,17745200,19955800,22373300,58644900,101596300
2023-08-10,177.49615478515625,138.55999755859375,130.2100067138672,305.739990234375,321.5950012207031,423.8450927734375,245.33999633789062,0.0,0.0,0.0,0.0,0.0,0.0,0.0,180.26875179728248,140.41000366210938,132.64700317382812,312.3399963378906,326.90298403862494,435.70410129877325,251.8000030517578,177.1271447826861,137.49000549316406,130.03500366210938,303.8699951171875,319.85223571455435,418.31554946248076,243.0,179.0021289205259,139.07000732421875,131.97000122070312,307.94000244140625,324.67222352458987,421.5652817821133,245.39999389648438,0.0,0.0,0.0,0.0,0.0,0.0,0.0,54686900,58928400,17855700,14358900,20113700,49270500,109498600
2023-08-11,177.5560760498047,138.41000366210938,130.1699981689453,301.6400146484375,319.6829528808594,408.5163269042969,242.64999389648438,0.24,0.0,0.0,0.0,0.0,0.0,0.0,178.38498585238872,139.3300018310547,130.44000244140625,304.7200012207031,321.0771591960147,420.14537357804977,243.7899932861328,176.3177172632032,137.0,128.75,300.3599853515625,317.89037585444396,406.3565317223595,238.02000427246094,177.08670844562434,137.39999389648438,129.20199584960938,302.57000732421875,318.9360533843742,417.4756106507602,241.77000427246094,0.0,0.0,0.0,0.0,0.0,0.0,0.0,51988100,42832100,15191500,13967800,24342600,53200900,98866600
2023-08-14,179.22389221191406,140.57000732421875,131.8300018310547,306.19000244140625,322.7004089355469,437.49395751953125,239.75999450683594,0.0,0.0,0.0,0.0,0.0,0.0,0.0,179.453585335393,140.58999633789062,131.91000366210938,306.2099914550781,322.7203153135127,437.96392002417804,240.66000366210938,177.0767118113598,137.75,129.58999633789062,298.25,318.7567579163155,403.0767794188568,233.75,177.73584711043486,138.3000030517578,129.85000610351562,300.9800109863281,320.0613702627848,404.82663526370226,235.6999969482422,0.0,0.0,0.0,0.0,0.0,0.0,0.0,43675600,47148700,17526200,15641900,18836100,69028600,98595300
2023-08-15,177.21652221679688,137.6699981689453,130.27000427246094,301.95001220703125,320.5294189453125,439.3638000488281,232.9600067138672,0.0,0.0,0.0,0.0,0.0,0.0,0.0,179.24385008356637,141.27999877929688,131.99000549316406,307.2300109863281,323.7460770940534,452.6427049404159,240.5,176.81705460078118,137.22999572753906,129.81900024414062,300.0299987792969,319.57339608663824,437.0640017083149,232.61000061035156,178.64464865954284,140.0500030517578,131.58999633789062,306.1400146484375,321.66472078301587,445.56330155421983,238.72999572753906,0.0,0.0,0.0,0.0,0.0,0.0,0.0,43622600,42781500,14769200,11623600,16966300,67651200,88197600
2023-08-16,176.3376922607422,135.07000732421875,129.11000061035156,294.2900085449219,319.7510070800781,434.82415771484375,225.60000610351562,0.0,0.0,0.0,0.0,0.68,0.0,0.0,178.3050862908739,137.27000427246094,130.8979949951172,301.0799865722656,323.76288385312847,446.71319275802955,233.97000122070312,176.26777704591515,135.00999450683594,128.4600067138672,294.2799987792969,319.1522163200655,434.02423583199084,225.3800048828125,176.89695302450681,137.19000244140625,129.27999877929688,300.20001220703125,320.1501907681655,445.1633326668532,228.02000427246094,0.0,0.0,0.0,0.0,0.0,0.0,0.0,46964900,41675900,17548400,18547700,20698900,52745100,112484500
2023-08-17,173.7710723876953,133.97999572753906,130.4600067138672,285.0899963378906,316.2381591796875,433.404296875,219.22000122070312,0.0,0.0,0.0,0.0,0.0,0.0,0.0,177.27644887923438,136.08999633789062,132.49099731445312,296.04998779296875,321.21804210611873,440.58369808321055,226.74000549316406,173.25175227234058,133.52999877929688,129.85000610351562,284.95001220703125,315.5695028752585,429.9745867523531,218.8300018310547,176.90694055571782,135.4600067138672,130.4499969482422,293.04998779296875,319.8907494437038,439.6637909586549,226.05999755859375,0.0,0.0,0.0,0.0,0.0,0.0,0.0,66062900,48354100,23665600,23950100,21257200,45239500,120718400
2023-08-18,174.2604217529297,133.22000122070312,128.11000061035156,283.25,315.8389587402344,432.9543151855469,215.49000549316406,0.0,0.0,0.0,0.0,0.0,0.0,0.0,174.86961976016784,134.07000732421875,129.8300018310547,285.69000244140625,317.735104067101,435.74409385519834,217.5800018310547,171.73375179800243,131.14999389648438,127.0,274.3800048828125,310.9189216513103,416.5656814634668,212.36000061035156,172.07330078860403,131.6199951171875,129.05999755859375,279.0299987792969,313.85296891354835,426.3148781383694,214.1199951171875,0.0,0.0,0.0,0.0,0.0,0.0,0.0,61114200,48469400,23619400,34061200,24744800,58262200,135813700
2023-08-21,175.608642578125,134.67999267578125,128.92999267578125,289.8999938964844,321.22802734375,469.6313171386719,231.27999877929688,0.0,0.0,0.0,0.0,0.0,0.0,0.0,175.89826955702873,135.19000244140625,129.25999450683594,290.5,322.11620878523865,470.6112168664624,232.1300048828125,173.51141470421007,132.7100067138672,127.16000366210938,281.8500061035156,316.3978345626308,442.18356654847105,220.5800018310547,174.8396666437127,133.74000549316406,127.8499984741211,283.45001220703125,317.28601600411946,444.90334366725057,221.5500030517578,0.0,0.0,0.0,0.0,0.0,0.0,0.0,46311900,41442500,21851100,20181500,24040000,69257300,135702700
2023-08-22,176.99681091308594,134.25,129.69000244140625,287.6000061035156,321.80682373046875,456.6423645019531,233.19000244140625,0.0,0.0,0.0,0.0,0.0,0.0,0.0,177.4462157919414,135.64999389648438,130.9499969482422,292.8999938964844,325.419486266758,481.83029141168333,240.82000732421875,176.01810458422318,133.72999572753906,128.9250030517578,286.75,320.8088493080347,453.2926344223799,229.5500030517578,176.82703641390557,135.0800018310547,129.1300048828125,292.54998779296875,324.84067450228173,481.3103452425357,240.25,0.0,0.0,0.0,0.0,0.0,0.0,0.0,42084200,32935100,15569400,12999900,16102000,75720700,130597900
2023-08-23,180.88169860839844,135.52000427246094,133.2100067138672,294.239990234375,326.337646484375,471.1211853027344,236.86000061035156,0.0,0.0,0.0,0.0,0.0,0.0,0.0,181.311140788815,135.9499969482422,134.07000732421875,297.3999938964844,328.53320246565784,471.9611124342419,238.97999572753906,178.09537606916024,133.22000122070312,130.50999450683594,287.6700134277344,322.8048083893157,452.04274019471103,229.2899932861328,178.28512852757362,134.5,130.85000610351562,288.5,323.1640950297817,458.6222151641157,229.33999633789062,0.0,0.0,0.0,0.0,0.0,0.0,0.0,52722800,42801000,26497000,18287000,21166400,77904600,101077600
2023-08-24,176.14793395996094,131.83999633789062,130.4199981689453,286.75,319.3218994140625,471.5911560058594,230.0399932861328,0.0,0.0,0.0,0.0,0.0,0.0,0.0,180.86172486765338,136.77999877929688,134.97000122070312,299.4599914550781,332.3055573004446,502.61859879721663,238.9199981689453,175.7784104228949,131.8300018310547,130.3000030517578,286.6400146484375,319.3119099232981,471.5511507565019,228.17999267578125,180.43228271341783,136.39999389648438,134.7270050048828,298.5,332.1758157435661,502.11863998297304,238.66000366210938,0.0,0.0,0.0,0.0,0.0,0.0,0.0,54945800,43646300,18680400,18360900,23281400,115604400,99777400
2023-08-25,178.375,133.25999450683594,130.69000244140625,285.5,322.3258056640625,460.14208984375,238.58999633789062,0.0,0.0,0.0,0.0,0.0,0.0,0.0,178.91428280658857,133.8699951171875,131.39999389648438,288.3900146484375,324.7009593226165,478.01061309463716,239.0,175.58867756165216,130.5800018310547,128.0399932861328,276.0299987792969,318.1542492281719,450.2029061129547,230.35000610351562,177.14662260147787,132.47000122070312,130.13999938964844,286.1300048828125,320.8188544667443,470.0812735745454,231.30999755859375,0.0,0.0,0.0,0.0,0.0,0.0,0.0,51449600,44147500,20678100,23701400,21684100,92534100,106612200
2023-08-28,179.9529266357422,133.13999938964844,131.7899932861328,290.260009765625,323.0443420410156,468.3114318847656,238.82000732421875,0.0,0.0,0.0,0.0,0.0,0.0,0.0,180.35239426065775,133.9499969482422,133.24000549316406,291.45001220703125,325.48936117303754,469.7612941509026,244.3800048828125,178.31508499164747,131.85000610351562,130.85000610351562,285.79998779296875,321.06834166353264,448.8430342512865,235.35000610351562,179.85305211015677,133.77999877929688,132.0800018310547,288.0,325.00036343778584,464.78172384304395,242.5800018310547,0.0,0.0,0.0,0.0,0.0,0.0,0.0,43820700,34108400,16715500,14239300,14808500,68519200,107673700
2023-08-29,183.87774658203125,134.91000366210938,135.49000549316406,297.989990234375,327.7447814941406,487.7998046875,257.17999267578125,0.0,0.0,0.0,0.0,0.0,0.0,0.0,184.65671910906482,135.13999938964844,137.2949981689453,299.1499938964844,328.3136342204368,490.76956121885496,257.4800109863281,179.2638300390304,133.25,132.97999572753906,288.17999267578125,321.2280097782595,463.8717835308781,237.77000427246094,179.46356384927003,133.3800048828125,132.9980010986328,288.5799865722656,321.2280097782595,466.62155696675995,238.5800018310547,0.0,0.0,0.0,0.0,0.0,0.0,0.0,53003900,38646100,30803300,20844500,19284600,70139700,134047600
2023-08-30,187.40310668945312,135.07000732421875,136.92999267578125,295.1000061035156,328.1240234375,492.59942626953125,256.8999938964844,0.0,0.0,0.0,0.0,0.0,0.0,0.0,187.60285574456978,135.67999267578125,137.25,298.2900085449219,329.14194639844766,499.2288543942986,260.510009765625,184.4969468975517,133.9199981689453,135.02099609375,293.42999267578125,325.788766911258,484.2101028704512,250.58999633789062,184.69668071395498,134.92999267578125,135.57000732421875,297.1700134277344,328.00427137806645,490.3995953204701,254.1999969482422,0.0,0.0,0.0,0.0,0.0,0.0,0.0,60813900,36137000,21773400,17717000,15222100,73520600,121988400
2023-08-31,187.62281799316406,138.00999450683594,137.35000610351562,295.8900146484375,327.09613037109375,493.50933837890625,258.0799865722656,0.0,0.0,0.0,0.0,0.0,0.0,0.0,188.87117339097605,138.7899932861328,138.39999389648438,301.1000061035156,330.23974394057524,497.39903264071614,261.17999267578125,187.23333171859525,135.0,136.82000732421875,295.6600036621094,326.11810440148776,489.5396641326281,255.0500030517578,187.59285868271365,135.05999755859375,137.0500030517578,295.79998779296875,328.5332160809878,493.7593177885836,255.97999572753906,0.0,0.0,0.0,0.0,0.0,0.0,0.0,60794500,58781300,28147900,17229900,26411000,52857000,108861700
2023-09-01,189.2107391357422,138.1199951171875,136.8000030517578,296.3800048828125,327.9942932128906,485.050048828125,245.00999450683594,0.0,0.0,0.0,0.0,0.0,0.0,0.0,189.67012539208758,139.9600067138672,138.5800018310547,301.739990234375,331.31753479996723,497.9589893421562,259.0799865722656,188.0322837067646,136.8800048828125,135.94000244140625,294.4700012207031,326.11809633494977,481.38036814369855,242.00999450683594,189.24069844642935,139.4600067138672,138.42999267578125,299.3699951171875,330.63891946923746,497.57901575301884,257.260009765625,0.0,0.0,0.0,0.0,0.0,0.0,0.0,45732600,40948300,16665700,12819800,14931200,46319100,132272500
2023-09-05,189.45040893554688,137.27000427246094,136.7100067138672,300.1499938964844,332.8743591308594,485.4400329589844,256.489990234375,0.0,0.0,0.0,0.0,0.0,0.0,0.0,189.73003932085322,137.8000030517578,137.3699951171875,301.3900146484375,334.17174416404447,488.46978222569305,258.0,187.36316240282707,135.82000732421875,135.55999755859375,295.510009765625,327.9942800024194,478.56059462683737,244.86000061035156,188.03227905614673,137.72999572753906,136.44000244140625,297.0199890136719,328.3335876541181,482.1903005881059,245.0,0.0,0.0,0.0,0.0,0.0,0.0,0.0,45280000,40636700,17730200,14956000,18553900,38265300,129469600
2023-09-06,182.66934204101562,135.36000061035156,135.3699951171875,299.1700134277344,332.20574951171875,470.6099853515625,251.9199981689453,0.0,0.0,0.0,0.0,0.0,0.04,0.0,188.6015289961815,137.4499969482422,137.47999572753906,303.29998779296875,333.78253578833136,485.489990234375,255.38999938964844,181.2312342653739,134.61000061035156,134.69000244140625,295.6600036621094,329.5112062355512,465.79998779296875,245.05999755859375,188.1521088872591,136.32000732421875,137.01499938964844,301.7099914550781,332.7047367513228,484.4100036621094,255.13999938964844,0.0,0.0,0.0,0.0,0.0,0.0,0.0,81755800,41785500,15814300,15418100,17535800,46867000,116959800
2023-09-07,177.32638549804688,137.85000610351562,136.1999969482422,298.6700134277344,329.24176025390625,462.4100036621094,251.49000549316406,0.0,0.0,0.0,0.0,0.0,0.0,0.0,177.97553944955692,138.02999877929688,136.5800018310547,307.04998779296875,332.40532226090613,463.44000244140625,252.80999755859375,173.3116702630629,133.16000366210938,133.9600067138672,292.2200012207031,328.36353784951393,451.5199890136719,243.27000427246094,174.94951193902594,133.89999389648438,134.60000610351562,298.0,330.61896989208844,455.25,245.07000732421875,0.0,0.0,0.0,0.0,0.0,0.0,0.0,112488800,48498900,16976000,33748700,18381000,43333000,115312900
2023-09-08,177.945556640625,138.22999572753906,137.1999969482422,297.8900146484375,333.5928955078125,455.7200012207031,248.5,0.0,0.0,0.0,0.0,0.0,0.0,0.0,180.0028590457442,138.85000610351562,137.51499938964844,305.25,335.47908176397283,466.05999755859375,256.5199890136719,177.5560703832831,136.75,135.8699951171875,296.7799987792969,328.792641025825,452.7099914550781,246.6699981689453,178.1153463772854,136.86000061035156,135.8699951171875,299.2200012207031,329.4213697778784,459.4200134277344,251.22000122070312,0.0,0.0,0.0,0.0,0.0,0.0,0.0,65551300,38348200,17810700,17548000,19530100,47306900,118367700
2023-09-11,179.12400817871094,143.10000610351562,137.74000549316406,307.55999755859375,337.2554931640625,451.7799987792969,273.5799865722656,0.0,0.0,0.0,0.0,0.0,0.0,0.0,180.06277381446856,143.6199951171875,138.26400756835938,309.0400085449219,337.73453187137363,461.6300048828125,274.8500061035156,177.1066617213624,138.63999938964844,136.5500030517578,301.2799987792969,334.7505675108787,443.1199951171875,260.6099853515625,179.83308070318074,138.75,137.3800048828125,301.4100036621094,336.55689885620416,461.4800109863281,264.2699890136719,0.0,0.0,0.0,0.0,0.0,0.0,0.0,58953100,56764500,17180800,19489300,16583300,47396600,174667900
2023-09-12,176.0680389404297,141.22999572753906,136.07000732421875,301.6600036621094,331.09796142578125,448.70001220703125,267.4800109863281,0.0,0.0,0.0,0.0,0.0,0.0,0.0,179.8930015034427,143.0,137.63999938964844,308.6600036621094,336.10781249174363,456.7300109863281,278.3900146484375,174.58999049529427,140.61000061035156,135.92999267578125,300.2300109863281,330.80857077294604,445.30999755859375,266.6000061035156,179.25384418348852,142.32000732421875,137.1300048828125,306.3299865722656,335.13977608884255,447.3800048828125,270.760009765625,0.0,0.0,0.0,0.0,0.0,0.0,0.0,90370200,42668500,15212900,13480400,17565500,34925600,135999900
2023-09-13,173.9807891845703,144.85000610351562,137.5,305.05999755859375,335.3793029785156,454.8500061035156,271.29998779296875,0.0,0.0,0.0,0.0,0.0,0.0,0.0,177.06671984713338,144.97999572753906,137.6999969482422,307.17999267578125,336.1677113492464,459.29998779296875,274.9800109863281,173.75108083613878,140.8699951171875,134.92999267578125,301.32000732421875,330.49922358406855,445.0299987792969,268.1000061035156,176.27775075918765,140.9499969482422,135.89999389648438,302.3599853515625,330.6389241749652,446.0,270.07000732421875,0.0,0.0,0.0,0.0,0.0,0.0,0.0,84267900,60465200,16394900,13210900,16544400,39835500,111673700
2023-09-14,175.5087890625,144.72000122070312,138.99000549316406,311.7200012207031,338.0139465332031,455.80999755859375,276.0400085449219,0.0,0.0,0.0,0.0,0.0,0.0,0.0,175.86831602966527,145.86000061035156,139.5500030517578,312.8699951171875,340.1695444684712,459.8699951171875,276.7099914550781,173.35162725950843,142.9499969482422,137.05999755859375,305.0299987792969,335.88825615639155,451.30999755859375,270.4200134277344,173.77107284808233,145.0800018310547,138.38999938964844,306.739990234375,338.46301674648305,459.5,271.32000732421875,0.0,0.0,0.0,0.0,0.0,0.0,0.0,60895800,64033600,19064600,19343100,20267000,37009700,107709800
2023-09-15,174.77972412109375,140.38999938964844,138.3000030517578,300.30999755859375,329.5511169433594,439.0,274.3900146484375,0.0,0.0,0.0,0.0,0.0,0.0,0.0,176.26776913114006,143.57000732421875,139.36000061035156,312.0,336.7165660294292,455.989990234375,278.9800109863281,173.59130267081284,140.08999633789062,137.17999267578125,298.75,328.98226420982485,438.0799865722656,271.0,176.24779117941324,142.69000244140625,138.8000030517578,311.6099853515625,336.23755779551595,453.4100036621094,277.54998779296875,0.0,0.0,0.0,0.0,0.0,0.0,0.0,109205100,102861700,48947600,28106400,37666900,50571300,133422800
2023-09-18,177.73583984375,139.97999572753906,138.9600067138672,302.54998779296875,328.3934631347656,439.6600036621094,265.2799987792969,0.0,0.0,0.0,0.0,0.0,0.0,0.0,179.14398831455318,141.75,139.92999267578125,303.6000061035156,329.7307452147895,442.4200134277344,271.44000244140625,175.93820511918346,139.22000122070312,137.6300048828125,297.79998779296875,325.69891999445196,420.0,263.760009765625,176.24779480310914,140.47999572753906,137.6300048828125,298.19000244140625,327.13600560851756,427.4800109863281,271.1600036621094,0.0,0.0,0.0,0.0,0.0,0.0,0.0,67257600,42823500,16233600,14234200,16834200,50027100,101543300
2023-09-19,178.8343963623047,137.6300048828125,138.8300018310547,305.07000732421875,327.9842834472656,435.20001220703125,266.5,0.0,0.0,0.0,0.0,0.0,0.0,0.0,179.3936571053623,138.83999633789062,139.1750030517578,306.1700134277344,328.7228052198901,439.6600036621094,267.8500061035156,176.8969464747748,135.55999755859375,137.5,299.80999755859375,323.8526852307428,430.0199890136719,261.20001220703125,177.28643272359795,138.6999969482422,138.25,302.4800109863281,325.5093264044781,438.3299865722656,264.3500061035156,0.0,0.0,0.0,0.0,0.0,0.0,0.0,51826900,61482500,15479100,15924400,16505900,37306400,103704000
2023-09-20,175.2591094970703,135.2899932861328,134.58999633789062,299.6700134277344,320.1202697753906,422.3900146484375,262.5899963378906,0.0,0.0,0.0,0.0,0.0,0.0,0.0,179.46356177532846,139.3699951171875,138.83999633789062,308.05999755859375,328.92241218507064,439.0299987792969,273.92999267578125,175.16921633059533,135.1999969482422,134.52000427246094,299.42999267578125,319.8608171150072,422.2300109863281,262.4599914550781,179.02413825465166,138.5500030517578,138.8300018310547,305.04998779296875,328.8425876255137,436.0,267.0400085449219,0.0,0.0,0.0,0.0,0.0,0.0,0.0,58436200,46263700,21473500,19379500,21436500,36710800,122514600
2023-09-21,173.70115661621094,129.3300018310547,131.36000061035156,295.7300109863281,318.8827819824219,410.1700134277344,255.6999969482422,0.0,0.0,0.0,0.0,0.0,0.0,0.0,176.0680488190235,132.24000549316406,133.19000244140625,300.260009765625,324.6910007218049,421.0,260.8599853515625,173.63125663788026,129.30999755859375,131.08999633789062,293.2699890136719,314.3619588401888,409.79998779296875,254.2100067138672,174.32035125748212,131.94000244140625,132.38999938964844,295.70001220703125,318.6133398389196,415.8299865722656,257.8500061035156,0.0,0.0,0.0,0.0,0.0,0.0,0.0,63047900,70234800,22042700,21300500,35529500,44893000,119531000
2023-09-22,174.5600128173828,129.1199951171875,131.25,299.0799865722656,316.3678894042969,416.1000061035156,244.8800048828125,0.0,0.0,0.0,0.0,0.0,0.0,0.0,176.84700827655132,132.02999877929688,133.00999450683594,305.3800048828125,320.79889838844895,421.1499938964844,257.7900085449219,173.82099622742402,128.52000427246094,130.50999450683594,298.2699890136719,315.5096155422968,412.30999755859375,244.47999572753906,174.4401755841381,131.11000061035156,131.67999267578125,299.29998779296875,320.66915683732867,415.7200012207031,257.3999938964844,0.0,0.0,0.0,0.0,0.0,0.0,0.0,56725400,59904300,17348700,25369600,21447900,47923600,127524100
2023-09-25,175.84832763671875,131.27000427246094,132.1699981689453,300.8299865722656,316.8968200683594,422.2200012207031,246.99000549316406,0.0,0.0,0.0,0.0,0.0,0.0,0.0,176.73715602517788,131.77999877929688,132.22000122070312,300.95001220703125,317.0265616217007,425.3599853515625,247.10000610351562,173.92085907645927,128.77000427246094,130.02999877929688,293.70001220703125,314.3619564002483,411.7699890136719,238.30999755859375,173.970796337573,129.36000061035156,130.77000427246094,295.6400146484375,315.94873214452934,415.9100036621094,243.3800048828125,0.0,0.0,0.0,0.0,0.0,0.0,0.0,46172700,46017800,14650000,18987000,17836000,41909100,104636600
2023-09-26,171.73374938964844,125.9800033569336,129.4499969482422,298.9599914550781,311.50775146484375,419.1099853515625,244.1199951171875,0.0,0.0,0.0,0.0,0.0,0.0,0.0,174.96947658906006,130.38999938964844,131.40499877929688,300.29998779296875,315.2401660664218,428.20001220703125,249.5500030517578,171.4341410685553,125.27999877929688,128.19000244140625,296.010009765625,309.3920201021811,416.54998779296875,241.66000366210938,174.58998693847352,130.1199951171875,130.91400146484375,297.6600036621094,314.4916852480885,420.010009765625,242.97999572753906,0.0,0.0,0.0,0.0,0.0,0.0,0.0,64588900,73048200,20378800,19417200,26297600,40228200,101993600
2023-09-27,170.20574951171875,125.9800033569336,131.4600067138672,297.739990234375,312.15643310546875,424.67999267578125,240.5,0.0,0.0,0.0,0.0,0.0,0.0,0.0,172.8123160152803,127.4800033569336,131.72000122070312,301.29998779296875,313.66335379748915,428.7200012207031,245.3300018310547,168.8275756082431,124.12999725341797,129.3800048828125,286.7900085449219,309.06270625536814,416.2900085449219,234.5800018310547,172.3928704586823,125.76000213623047,129.44000244140625,300.45001220703125,311.6674049207485,423.29998779296875,244.25999450683594,0.0,0.0,0.0,0.0,0.0,0.0,0.0,66921800,66553400,18764200,36429800,19410100,44493500,136597200
2023-09-28,170.46542358398438,125.9800033569336,133.1300048828125,303.9599914550781,313.0047302246094,430.8900146484375,246.3800048828125,0.0,0.0,0.0,0.0,0.0,0.0,0.0,171.8036568728258,126.58000183105469,134.17999267578125,306.3299865722656,314.84099961134973,434.4599914550781,247.5500030517578,167.3994555047553,123.04000091552734,130.69000244140625,296.70001220703125,308.8232147209742,421.1499938964844,238.64999389648438,169.1171936994851,124.04000091552734,130.69000244140625,298.94000244140625,310.3600734905443,424.6000061035156,240.02000427246094,0.0,0.0,0.0,0.0,0.0,0.0,0.0,56294400,54555000,18201400,22167100,19683600,42466300,117058900
2023-09-29,170.9847412109375,127.12000274658203,131.85000610351562,300.2099914550781,315.1104431152344,434.989990234375,250.22000122070312,0.0,0.0,0.0,0.0,0.0,0.0,0.0,172.8422945696302,129.14999389648438,134.88999938964844,310.6400146484375,318.82290941149716,441.44000244140625,254.77000427246094,170.1158755304648,126.31999969482422,131.32000732421875,299.3599853515625,314.3420137271362,433.07000732421875,246.35000610351562,171.79367303446756,128.1999969482422,134.0800018310547,307.3800048828125,317.10639208191833,438.2699890136719,250.0,0.0,0.0,0.0,0.0,0.0,0.0,0.0,51814200,62377600,23224200,25356600,24140300,39722100,128346200
2023-10-02,173.52139282226562,129.4600067138672,135.1699981689453,306.82000732421875,321.1481628417969,447.82000732421875,251.60000610351562,0.0,0.0,0.0,0.0,0.0,0.0,0.0,174.070672221388,130.47000122070312,135.36000061035156,307.17999267578125,321.2380073425332,451.75,254.27999877929688,170.70509585151785,126.54000091552734,132.06500244140625,301.6300048828125,314.5415769171442,438.6099853515625,242.6199951171875,170.9947228250154,127.27999877929688,132.15499877929688,302.739990234375,315.63935489309017,440.29998779296875,244.80999755859375,0.0,0.0,0.0,0.0,0.0,0.0,0.0,52164500,48029700,19210400,16265600,20570000,43329800,123810400
2023-10-03,172.1731719970703,124.72000122070312,133.3000030517578,300.94000244140625,312.7552185058594,435.1700134277344,246.52999877929688,0.0,0.0,0.0,0.0,0.0,0.0,0.0,173.40156469199417,128.52000427246094,135.24000549316406,306.7699890136719,320.7390138761544,451.29998779296875,250.02000427246094,170.59526416939897,124.25,132.81500244140625,299.6400146484375,310.5796111210746,432.4599914550781,244.4499969482422,172.0333568007432,128.05999755859375,134.92999267578125,304.260009765625,320.1801201809323,448.0799865722656,248.61000061035156,0.0,0.0,0.0,0.0,0.0,0.0,0.0,49594600,51565000,19628700,17362300,21033500,47085000,101985300
2023-10-04,173.4315185546875,127.0,136.27000427246094,305.5799865722656,318.3139343261719,440.4100036621094,261.1600036621094,0.0,0.0,0.0,0.0,0.0,0.0,0.0,173.98079796540125,127.36000061035156,136.57000732421875,306.8999938964844,319.39176382898614,441.42999267578125,261.8599853515625,170.7450553594164,125.68000030517578,133.42999267578125,298.5,313.36398939079754,432.9200134277344,247.60000610351562,170.86489259858558,126.05999755859375,133.66000366210938,298.7300109863281,313.3939274072221,437.4200134277344,248.13999938964844,0.0,0.0,0.0,0.0,0.0,0.0,0.0,53020300,44203900,22848000,16880500,20720100,36182100,129721600
2023-10-05,174.67987060546875,125.95999908447266,135.99000549316406,304.7900085449219,318.7131042480469,446.8800048828125,260.04998779296875,0.0,0.0,0.0,0.0,0.0,0.0,0.0,175.21915341019456,126.7300033569336,136.5,306.2099914550781,319.33187398700454,449.0,263.6000061035156,172.45279369514475,124.33000183105469,134.4550018310547,299.5,314.26214674940184,438.8800048828125,256.25,173.56133385253202,126.70999908447266,136.1300048828125,304.6300048828125,318.44366211187725,440.5,260.0,0.0,0.0,0.0,0.0,0.0,0.0,0.0,48527900,39660600,15922900,19130000,16965600,39348300,119159200
2023-10-06,177.25648498535156,127.95999908447266,138.72999572753906,315.42999267578125,326.5971374511719,457.6199951171875,260.5299987792969,0.0,0.0,0.0,0.0,0.0,0.0,0.0,177.75582714406306,128.4499969482422,139.18600463867188,316.30999755859375,328.5232208845352,457.8900146484375,261.6499938964844,172.95214277673907,124.12999725341797,134.94000244140625,300.9100036621094,315.659315242968,440.260009765625,250.64999389648438,173.57133741586642,124.16000366210938,134.94000244140625,301.44000244140625,315.9088088624947,441.92999267578125,253.97999572753906,0.0,0.0,0.0,0.0,0.0,0.0,0.0,57224100,46795900,20819300,21784000,25645500,43339700,117947000
2023-10-09,178.75450134277344,128.25999450683594,139.5,318.3599853515625,329.1519470214844,452.7300109863281,259.6700134277344,0.0,0.0,0.0,0.0,0.0,0.0,0.0,178.8144199602329,128.7899932861328,139.97000122070312,320.3299865722656,329.6309552754198,456.04998779296875,261.3599853515625,175.56869611233793,124.76000213623047,136.6999969482422,311.82000732421875,322.5253819215815,443.67999267578125,252.0500030517578,176.5773617299011,126.22000122070312,137.99000549316406,312.5,324.09220914894433,448.4200134277344,255.30999755859375,0.0,0.0,0.0,0.0,0.0,0.0,0.0,42390800,38773700,16599100,22503700,19891200,40967500,101377900
2023-10-10,178.15528869628906,129.47999572753906,139.1999969482422,321.8399963378906,327.724853515625,457.9800109863281,263.6199951171875,0.0,0.0,0.0,0.0,0.0,0.0,0.0,179.48354062178288,130.74000549316406,140.74000549316406,324.6600036621094,330.4293558239393,462.5899963378906,268.94000244140625,177.7158651734234,128.0500030517578,138.42999267578125,318.1600036621094,327.00631067308876,450.8800048828125,257.6499938964844,177.86567695915278,128.82000732421875,139.50999450683594,319.1199951171875,330.2896247782242,453.1000061035156,257.75,0.0,0.0,0.0,0.0,0.0,0.0,0.0,43698000,42178600,19554900,19038000,20557100,36858200,122656000
2023-10-11,179.5634307861328,131.8300018310547,141.6999969482422,327.82000732421875,331.7466735839844,468.05999755859375,262.989990234375,0.0,0.0,0.0,0.0,0.0,0.0,0.0,179.6133680462608,132.0500030517578,142.22000122070312,328.8399963378906,332.1458572650278,468.5899963378906,268.6000061035156,177.36632848891165,129.61000061035156,139.83999633789062,322.95001220703125,328.4733186702081,460.5,260.8999938964844,177.96552989431072,129.74000549316406,139.85000610351562,323.010009765625,330.5391025949425,461.9599914550781,266.20001220703125,0.0,0.0,0.0,0.0,0.0,0.0,0.0,47551100,40741800,20146300,22036300,20063200,37813700,103706300
2023-10-12,180.4722442626953,132.3300018310547,140.2899932861328,324.1600036621094,330.4892272949219,469.45001220703125,258.8699951171875,0.0,0.0,0.0,0.0,0.0,0.0,0.0,182.10008928866665,134.47999572753906,142.3800048828125,330.5400085449219,332.95422544029145,476.0899963378906,265.4100036621094,178.80442809283994,131.22999572753906,139.4499969482422,322.69000244140625,328.05416716525457,463.29998779296875,256.6300048828125,179.83308692837295,132.1699981689453,142.16000366210938,328.0,329.90042601560054,467.7699890136719,262.9200134277344,0.0,0.0,0.0,0.0,0.0,0.0,0.0,56743100,55528600,18173100,20530500,19313100,48132500,111508100
2023-10-13,178.61468505859375,129.7899932861328,138.5800018310547,314.69000244140625,327.0661926269531,454.6099853515625,251.1199951171875,0.0,0.0,0.0,0.0,0.0,0.0,0.0,181.6906191531753,133.30999755859375,141.33999633789062,325.04998779296875,333.1538126895942,471.1600036621094,259.6000061035156,177.90561253268353,128.9499969482422,137.97000122070312,312.3699951171875,325.6989419842196,452.79998779296875,250.22000122070312,181.1812956691862,132.97999572753906,140.64999389648438,323.5299987792969,331.7067679434601,469.6000061035156,258.8999938964844,0.0,0.0,0.0,0.0,0.0,0.0,0.0,51427100,45786600,19438700,21341000,21072400,47411500,102073800
2023-10-16,178.48486328125,132.5500030517578,140.49000549316406,321.1499938964844,331.96624755859375,460.95001220703125,253.9199981689453,0.0,0.0,0.0,0.0,0.0,0.0,0.0,178.84439024678767,133.07000732421875,140.90499877929688,321.82000732421875,335.45915825871816,462.25,255.39999389648438,176.2777642241718,130.42999267578125,139.32000732421875,315.5199890136719,329.93037108005007,449.1199951171875,248.47999572753906,176.5174539474347,130.69000244140625,139.72999572753906,318.6400146484375,330.3794413251789,450.6300048828125,250.0500030517578,0.0,0.0,0.0,0.0,0.0,0.0,0.0,52517000,42832900,17345600,16536100,22158000,37509900,88917200
2023-10-17,176.9169158935547,131.47000122070312,140.99000549316406,324.0,331.38739013671875,439.3800048828125,254.85000610351562,0.0,0.0,0.0,0.0,0.0,0.0,0.0,178.18524920880571,132.5800018310547,141.25,324.3999938964844,332.78454826167905,447.5400085449219,257.17999267578125,174.57001695507628,128.7100067138672,138.5290069580078,317.29998779296875,326.7468150814963,424.79998779296875,247.0800018310547,176.41757374851082,130.38999938964844,140.02999877929688,318.17999267578125,328.922392051489,440.0,250.10000610351562,0.0,0.0,0.0,0.0,0.0,0.0,0.0,57549400,49344600,17424000,16387800,18338500,81233300,93562900
2023-10-18,175.608642578125,128.1300048828125,139.27999877929688,316.9700012207031,329.44134521484375,421.9599914550781,242.67999267578125,0.0,0.0,0.0,0.0,0.0,0.0,0.0,177.34635873540847,130.6699981689453,141.99000549316406,325.94000244140625,334.91025639971866,432.19000244140625,254.6300048828125,174.87960731043407,127.51000213623047,138.7050018310547,315.55999755859375,327.63501381925244,418.25,242.0800018310547,175.34899014765352,129.89999389648438,140.75,321.3900146484375,331.81652938074114,425.9100036621094,252.6999969482422,0.0,0.0,0.0,0.0,0.0,0.0,0.0,54764400,42699500,18304900,16851000,23153600,62729400,125147800
2023-10-19,175.22915649414062,128.39999389648438,138.97999572753906,312.80999755859375,330.6488952636719,421.010009765625,220.11000061035156,0.0,0.0,0.0,0.0,0.0,0.0,0.0,177.6060147998771,132.24000549316406,141.0050048828125,321.8900146484375,336.19763065476684,432.9700012207031,230.61000061035156,174.95950746243676,127.47000122070312,138.60000610351562,311.75,330.2397220929196,418.82000732421875,216.77999877929688,175.80837998637364,130.57000732421875,139.8000030517578,319.8800048828125,331.47720063955205,428.1099853515625,225.9499969482422,0.0,0.0,0.0,0.0,0.0,0.0,0.0,59302900,60961400,21831200,18709200,25052100,50123300,170772700
2023-10-20,172.6525421142578,125.16999816894531,136.74000549316406,308.6499938964844,326.0083312988281,413.8699951171875,211.99000549316406,0.0,0.0,0.0,0.0,0.0,0.0,0.0,175.18919346443124,128.1699981689453,139.0399932861328,315.29998779296875,331.24769723070443,424.70001220703125,218.86000061035156,172.41285240263238,124.97000122070312,136.2449951171875,306.4700012207031,324.79080123547584,410.7799987792969,210.4199981689453,175.07933758477535,128.0500030517578,138.58999633789062,314.1400146484375,331.04809015575603,418.8999938964844,217.00999450683594,0.0,0.0,0.0,0.0,0.0,0.0,0.0,64189300,56343300,24953900,22287400,25012600,47638100,137734000
2023-10-23,172.7723846435547,126.55999755859375,137.89999389648438,314.010009765625,328.6529541015625,429.75,212.0800018310547,0.0,0.0,0.0,0.0,0.0,0.0,0.0,173.78105030495894,127.87999725341797,139.02000427246094,317.3599853515625,332.05605064026156,432.4800109863281,216.97999572753906,169.7064165147775,123.9800033569336,135.11000061035156,307.260009765625,323.73294735870036,409.45001220703125,202.50999450683594,170.685138104863,124.62999725341797,136.22999572753906,309.5,324.8107463671756,412.2900085449219,210.0,0.0,0.0,0.0,0.0,0.0,0.0,0.0,55980100,48260000,20780700,17796800,24374700,47853000,150683400
2023-10-24,173.21180725097656,128.55999755859375,140.1199951171875,312.54998779296875,329.8605041503906,436.6300048828125,216.52000427246094,0.0,0.0,0.0,0.0,0.0,0.0,0.0,173.44150037289924,128.8000030517578,140.7100067138672,318.3500061035156,331.16784828468826,436.9700012207031,222.0500030517578,171.22442001009617,126.33999633789062,138.75,310.6300048828125,326.93644622899296,426.9100036621094,214.11000061035156,172.82232098392808,127.73999786376953,139.16000366210938,316.7799987792969,330.6289335370668,430.7699890136719,216.5,0.0,0.0,0.0,0.0,0.0,0.0,0.0,43816600,46477400,26535200,19525500,31153600,40146300,118231100
2023-10-25,170.87489318847656,121.38999938964844,126.66999816894531,299.5299987792969,339.97998046875,417.7900085449219,212.4199981689453,0.0,0.0,0.0,0.0,0.0,0.0,0.0,172.8323059213211,126.33999633789062,130.10000610351562,310.8800048828125,345.49877814061017,436.5,220.10000610351562,170.42547305366105,120.79000091552734,126.08999633789062,298.8399963378906,336.9361400226374,415.54998779296875,212.1999969482422,171.6538657387105,126.04000091552734,129.77000427246094,310.0,344.3211451044812,433.9800109863281,215.8800048828125,0.0,0.0,0.0,0.0,0.0,0.0,0.0,57157000,74577500,58796100,42192500,55053800,39837900,107065100
2023-10-26,166.67042541503906,119.56999969482422,123.44000244140625,288.3500061035156,327.2258605957031,403.260009765625,205.75999450683594,0.0,0.0,0.0,0.0,0.0,0.0,0.0,171.1545234940036,121.63999938964844,125.45999908447266,295.0,340.9380199423078,422.55999755859375,214.8000030517578,165.45202932656696,118.3499984741211,122.31999969482422,279.3999938964844,326.2777726755646,398.79998779296875,204.8800048828125,170.1458425788756,120.62999725341797,124.47000122070312,295.0,339.85023143464355,418.5299987792969,211.32000732421875,0.0,0.0,0.0,0.0,0.0,0.0,0.0,70625300,100419500,33907400,66684100,37828500,54100100,115112600
2023-10-27,167.99867248535156,127.73999786376953,123.4000015258789,296.7300109863281,329.1419677734375,405.0,207.3000030517578,0.0,0.0,0.0,0.0,0.0,0.0,0.0,168.737704345899,130.02000427246094,124.44000244140625,299.30999755859375,336.03797523077446,412.05999755859375,212.41000366210938,166.6105019317798,125.5199966430664,121.45999908447266,292.9700012207031,327.7348200721857,400.1499938964844,205.77000427246094,166.6903985036265,126.19999694824219,124.02999877929688,294.4800109863281,329.7607070912011,411.29998779296875,210.60000610351562,0.0,0.0,0.0,0.0,0.0,0.0,0.0,58499100,125309300,37367700,29596300,29856500,41678400,94881200
2023-10-30,170.06593322753906,132.7100067138672,125.75,302.6600036621094,336.62677001953125,411.6099853515625,197.36000061035156,0.0,0.0,0.0,0.0,0.0,0.0,0.0,170.9447802387597,133.0,126.55000305175781,309.3999938964844,338.7624500293503,417.6600036621094,210.8800048828125,168.64780342952264,128.55999755859375,123.87999725341797,299.04998779296875,331.15785889519157,404.80999755859375,194.6699981689453,168.79761520936918,129.72000122070312,124.45999908447266,299.0899963378906,332.7346756316637,410.8699951171875,209.27999877929688,0.0,0.0,0.0,0.0,0.0,0.0,0.0,51131000,72485500,24165600,28435100,22828100,38802800,136448200
2023-10-31,170.54531860351562,133.08999633789062,125.30000305175781,301.2699890136719,337.4251403808594,407.79998779296875,200.83999633789062,0.0,0.0,0.0,0.0,0.0,0.0,0.0,170.67513719746998,133.57000732421875,126.55999755859375,303.67999267578125,338.3133522962152,408.7900085449219,202.8000030517578,167.67908436026187,131.7100067138672,123.92500305175781,296.8599853515625,334.0120846784089,392.29998779296875,194.07000732421875,169.12718875588266,132.75,126.2699966430664,303.30999755859375,338.1636622137857,404.5,196.1199951171875,0.0,0.0,0.0,0.0,0.0,0.0,0.0,44846000,51589400,21123400,19434200,20265300,51796900,118068300
2023-11-01,173.74110412597656,137.0,127.56999969482422,311.8500061035156,345.3690185546875,423.25,205.66000366210938,0.0,0.0,0.0,0.0,0.0,0.0,0.0,174.00075655092,137.35000610351562,127.73999786376953,312.739990234375,346.7162901273356,423.80999755859375,205.99000549316406,169.8961635809227,133.7100067138672,124.92500305175781,301.8500061035156,338.9620093088176,408.69000244140625,197.85000610351562,170.7750106172122,133.9600067138672,125.33999633789062,301.8500061035156,339.1017403478869,408.8399963378906,204.0399932861328,0.0,0.0,0.0,0.0,0.0,0.0,0.0,56934900,61529400,26536600,20434600,28158800,43759300,121661700
2023-11-02,177.3363800048828,138.07000732421875,128.5800018310547,310.8699951171875,347.6144714355469,435.05999755859375,218.50999450683594,0.0,0.0,0.0,0.0,0.0,0.0,0.0,177.54609517602384,138.80999755859375,130.08999633789062,318.82000732421875,348.12341770054826,438.8399963378906,219.1999969482422,175.22915550404335,136.47000122070312,128.11000061035156,308.3299865722656,344.0716438268571,428.94000244140625,211.4499969482422,175.28907412436934,138.72999572753906,129.55999755859375,317.29998779296875,346.53664196284035,433.2799987792969,212.97000122070312,0.0,0.0,0.0,0.0,0.0,0.0,0.0,77334800,52236700,24091700,21631800,24348100,40917200,125987600
2023-11-03,176.41757202148438,138.60000610351562,130.3699951171875,314.6000061035156,352.08538818359375,450.04998779296875,219.9600067138672,0.0,0.0,0.0,0.0,0.0,0.0,0.0,176.58736175920453,139.49000549316406,130.72999572753906,315.54998779296875,353.67219442509105,453.0899963378906,226.3699951171875,173.1219260874277,137.4499969482422,129.00999450683594,311.0199890136719,346.6264665005064,437.2300109863281,218.39999389648438,174.01075448735614,138.99000549316406,129.08999633789062,312.54998779296875,348.9218261028811,440.20001220703125,221.14999389648438,0.0,0.0,0.0,0.0,0.0,0.0,0.0,79763700,44007200,19517900,16754100,23624000,42385500,119281000
2023-11-06,178.9941864013672,139.74000549316406,131.4499969482422,315.79998779296875,355.8078308105469,457.510009765625,219.27000427246094,0.0,0.0,0.0,0.0,0.0,0.0,0.0,179.19392021761848,140.72999572753906,131.55999755859375,318.3299865722656,356.815794754773,459.3500061035156,226.32000732421875,175.9781707269317,138.36000061035156,129.92999267578125,314.45001220703125,352.6342793567082,448.989990234375,215.0,176.14794523268097,138.75999450683594,130.22000122070312,315.9800109863281,352.73408289324516,452.8500061035156,223.97999572753906,0.0,0.0,0.0,0.0,0.0,0.0,0.0,63841300,44970400,15360400,12887700,23828300,40073300,117335800
2023-11-07,181.58078002929688,142.7100067138672,132.39999389648438,318.82000732421875,359.79974365234375,459.54998779296875,222.17999267578125,0.0,0.0,0.0,0.0,0.0,0.0,0.0,182.19995939602362,143.3699951171875,133.27999877929688,321.0,361.72582711931784,462.17999267578125,223.1199951171875,178.7345237840102,140.5,131.13999938964844,315.1199951171875,356.90562370648263,451.5799865722656,215.72000122070312,178.94423894557977,140.5500030517578,131.97999572753906,317.05999755859375,358.67202759948145,457.19000244140625,219.97999572753906,0.0,0.0,0.0,0.0,0.0,0.0,0.0,70530000,53553500,19223800,14055600,25833900,34316500,116900100
2023-11-08,182.6493682861328,142.0800018310547,133.25999450683594,319.7799987792969,362.4643249511719,465.739990234375,222.11000061035156,0.0,0.0,0.0,0.0,0.0,0.0,0.0,183.2086290475756,143.1199951171875,133.5399932861328,321.3299865722656,363.1329507636627,468.6700134277344,224.14999389648438,181.35107566780474,141.22000122070312,132.16000366210938,314.8800048828125,359.8196683485731,459.67999267578125,217.63999938964844,182.11008547723094,142.97000122070312,132.36000061035156,318.1400146484375,360.94738432675064,461.0,223.14999389648438,0.0,0.0,0.0,0.0,0.0,0.0,0.0,49340300,44521700,15093600,13609700,26767800,34671900,106584800
2023-11-09,182.1699981689453,140.60000610351562,131.69000244140625,320.54998779296875,359.95941162109375,469.5,209.97999572753906,0.0,0.0,0.0,0.0,0.0,0.0,0.0,183.87773970716447,142.64999389648438,133.9600067138672,324.17999267578125,364.0511130119692,482.29998779296875,220.8000030517578,181.57078152191718,139.83999633789062,131.50999450683594,318.79998779296875,359.6300629929616,467.5,206.67999267578125,182.71927755560236,142.02000427246094,133.36000061035156,319.4200134277344,361.56613588831584,474.6700134277344,219.75,0.0,0.0,0.0,0.0,0.0,0.0,0.0,53763500,36235400,17976500,16103100,24847300,54049600,142110500
2023-11-10,186.39999389648438,143.55999755859375,134.05999755859375,328.7699890136719,368.9212341308594,483.3500061035156,214.64999389648438,0.24,0.0,0.0,0.0,0.0,0.0,0.0,186.57000732421875,143.64999389648438,134.27000427246094,329.1000061035156,369.3503558417213,484.7200012207031,215.3800048828125,183.52999877929688,139.91000366210938,130.8699951171875,319.4599914550781,360.33864763480284,472.8299865722656,205.69000244140625,183.97000122070312,140.4600067138672,131.52999877929688,319.94000244140625,360.7577798551635,475.0,210.02999877929688,0.0,0.0,0.0,0.0,0.0,0.0,0.0,66133400,49287800,20872900,19096200,28042100,42124500,130994000
2023-11-13,184.8000030517578,142.58999633789062,133.63999938964844,329.19000244140625,365.937255859375,486.20001220703125,223.7100067138672,0.0,0.0,0.0,0.0,0.0,0.0,0.0,186.02999877929688,143.22999572753906,134.11000061035156,332.3299865722656,367.7236386126678,491.1600036621094,225.39999389648438,184.2100067138672,140.6699981689453,132.77000427246094,325.70001220703125,365.1588370239575,480.989990234375,211.61000061035156,185.82000732421875,142.0800018310547,133.36000061035156,326.20001220703125,367.4741450057293,483.20001220703125,215.60000610351562,0.0,0.0,0.0,0.0,0.0,0.0,0.0,43627500,35680600,16409900,16908900,19986500,38413600,140447600
2023-11-14,187.44000244140625,145.8000030517578,135.42999267578125,336.30999755859375,369.5199890136719,496.55999755859375,237.41000366210938,0.0,0.0,0.0,0.0,0.0,0.0,0.0,188.11000061035156,147.25999450683594,137.24000549316406,338.1000061035156,371.1966092377591,498.3399963378906,238.13999938964844,186.3000030517578,144.67999267578125,135.10000610351562,333.3299865722656,366.60592067193215,490.3999938964844,230.72000122070312,187.6999969482422,145.0,135.64999389648438,334.5400085449219,370.2585108173428,496.79998779296875,235.02999877929688,0.0,0.0,0.0,0.0,0.0,0.0,0.0,60108400,56674600,22317300,17179400,27683900,41695400,149771600
2023-11-15,188.00999450683594,143.1999969482422,136.3800048828125,332.7099914550781,369.6700134277344,488.8800048828125,242.83999633789062,0.0,0.0,0.0,0.0,0.75,0.0,0.0,189.5,147.2899932861328,136.83999633789062,338.3999938964844,373.1300048828125,499.6000061035156,246.6999969482422,187.77999877929688,142.58999633789062,135.3300018310547,330.0199890136719,367.1099853515625,482.0,236.4499969482422,187.85000610351562,147.05999755859375,136.63999938964844,337.92999267578125,371.2799987792969,499.3500061035156,239.2899932861328,0.0,0.0,0.0,0.0,0.0,0.0,0.0,53790500,63875700,15840900,14531200,26860100,47549700,150354000
2023-11-16,189.7100067138672,142.8300018310547,138.6999969482422,334.19000244140625,376.1700134277344,494.79998779296875,233.58999633789062,0.0,0.0,0.0,0.0,0.0,0.0,0.0,190.9600067138672,143.32000732421875,138.8800048828125,334.5799865722656,376.3500061035156,495.25,240.8800048828125,188.64999389648438,139.52000427246094,136.0800018310547,326.3800048828125,370.17999267578125,483.29998779296875,230.9600067138672,189.57000732421875,140.91000366210938,136.9600067138672,329.3699951171875,370.9599914550781,486.7900085449219,239.49000549316406,0.0,0.0,0.0,0.0,0.0,0.0,0.0,54412900,49653500,17615100,18932600,27182300,33975600,136816800
2023-11-17,189.69000244140625,145.17999267578125,136.94000244140625,335.0400085449219,369.8500061035156,492.9800109863281,234.3000030517578,0.0,0.0,0.0,0.0,0.0,0.0,0.0,190.3800048828125,145.22999572753906,138.0,335.5,374.3699951171875,497.1700134277344,237.38999938964844,188.57000732421875,142.5399932861328,135.47999572753906,329.3500061035156,367.0,490.07000732421875,226.5399932861328,190.25,142.66000366210938,137.82000732421875,330.260009765625,373.6099853515625,495.239990234375,232.0,0.0,0.0,0.0,0.0,0.0,0.0,0.0,50922700,49636700,25565300,14494400,40157000,32520500,142532800
2023-11-20,191.4499969482422,146.1300048828125,137.9199981689453,339.9700012207031,377.44000244140625,504.0899963378906,235.60000610351562,0.0,0.0,0.0,0.0,0.0,0.0,0.0,191.91000366210938,146.6300048828125,138.4250030517578,341.8699951171875,378.8699951171875,505.4800109863281,237.10000610351562,189.8800048828125,144.72999572753906,135.49000549316406,334.19000244140625,371.0,491.80999755859375,231.02000427246094,189.88999938964844,145.1300048828125,135.5,334.8900146484375,371.2200012207031,493.1199951171875,234.0399932861328,0.0,0.0,0.0,0.0,0.0,0.0,0.0,46505100,41951200,19569400,16960500,52465100,41412000,116320100
2023-11-21,190.63999938964844,143.89999389648438,138.6199951171875,336.9800109863281,373.07000732421875,499.44000244140625,241.1999969482422,0.0,0.0,0.0,0.0,0.0,0.0,0.0,191.5,143.99000549316406,138.96499633789062,339.9014892578125,376.22149658203125,505.1697082519531,243.6199951171875,189.74000549316406,141.5,137.7050018310547,335.8999938964844,371.1199951171875,492.2200927734375,233.33999633789062,191.41000366210938,143.91000366210938,135.5,338.3299865722656,375.6700134277344,501.260009765625,235.0399932861328,0.0,0.0,0.0,0.0,0.0,0.0,0.0,36857230,71032011,17041821,11991932,25189959,45999028,120698681
